{"cameraMode":{"drawMode":0,"name":"Shaded","section":"Shading Mode"},"sceneLighting":true,"audioPlay":false,"sceneViewState":{"m_AlwaysRefresh":false,"showFog":true,"showSkybox":true,"showFlares":true,"showImageEffects":true,"showParticleSystems":true,"showVisualEffectGraphs":true,"m_FxEnabled":true},"in2DMode":false,"pivot":{"x":-3.0929853916168215,"y":-3.3606984615325929,"z":12.499693870544434},"rotation":{"x":-0.18842080235481263,"y":0.15832608938217164,"z":-0.030793260782957078,"w":-0.9687568545341492},"size":8.317895889282227,"orthographic":false}